user_id,text_id,text,timestamp,collection_phase,is_words,valence,arousal
83,206,"I am feeling good right now . I woke up feeling very tired this morning , but I ended up having a productive day by getting my bloodwork done and going shopping for an interview I have next week . I feel sleepy right now but relaxed .",2024-08-09 17:00:26,7,False,-1.0,0.0
90,604,"flustered , nuts , crazy , insane , losing it",2024-10-21 12:27:56,7,True,-2.0,1.0
137,3446,"Happy , Energized , Satisfied , Engaged",2024-11-11 12:02:09,7,True,2.0,1.0
71,4966,"This Sadness feels like a heavy , hollow ache in the chest , weighing you down . Emptiness , hopelessness , and longing mix with a sense of loss , making everyday tasks feel overwhelming and pointless . Tears , sighs , and silence accompany the emotional pain .",2024-08-31 17:00:43,7,False,-2.0,1.0
116,2382,I am okay right now . I don ' t have anything mentally overwhelming happening to me right now . I ' m still in a mental state of focus . I get really focused on getting tasks done . I ' m also a little hungry right now because I ' m another to have some food . That ' s it right now .,2024-08-13 22:02:47,7,False,1.0,1.0
33,2128,Got to watch my home team win and I am extremely happy about that . I feel very calm and excited because of our hometown football team and their win . I don’t feel anxious or anything just super happ and very excited .,2022-01-30 20:21:24,2,False,2.0,1.0
40,3391,Getting ready to have dinner with my boyfriend . He is making steak on the grill . I am excited for the dinner he is cooking . I love having sex on the grill . We are also going to have dessert later on . I found his vanilla bean ice cream in the freezer upstairs that we didn’t know we had .,2023-07-03 17:00:48,6,False,0.0,2.0
169,4318,I am worried and anxious .   I am worried about bills and food and college . I want my family to be happy and content .   I don ' t want to worry them and enjoy life . I hope to be a good parent . I am looking forward to a mini trip .,2024-08-21 17:01:59,7,False,1.0,0.0
2,92,"Relaxed , Hungry , Satisfied , Content , Calm",2022-09-16 20:01:48,4,True,2.0,0.0
142,3587,I am feeling a little tired because I was up a lot last night with my mother . I have to keep track of her getting up at night to use the bathroom so that she doesn’t fall . The hospice nurse came to evaluate my mom for a catheter . I’m sharing this information with my sister and mom so that we can decide how to proceed .,2024-11-12 17:01:54,7,False,0.0,1.0
27,1657,On the way to work . Feeling fine . Driving right now forgive the nonsense ifucjchchcjcjcjfjcuffgvcdccccccccccvvgggvvvvcccccvvvccvvxcvcvcccccccccxxcccccccccccchbbbvvvvbvccffccccccccccccccvvvcccvvvbbbbvcvvbbvvgvvvvvfvvggfffffvvcfcccccfffffvvccggfggvcvvvggccffffcccccvvhgffg,2022-04-29 15:26:00,3,False,0.0,1.0
2,45,"Relaxed , Productive , Calm , Comfy , Content",2022-02-18 20:07:53,2,True,2.0,0.0
40,3403,I just got home . My cousin invited me to dinner to celebrate her birthday . I just have to get ready . The weather is crappy it’s maintained me feeling lazy like I don’t want to do anything it’s pretty cold also .,2023-06-23 20:02:45,6,False,0.0,2.0
96,1241,"Hungry , Relieved , Tired , Dull , Sleepy",2024-11-10 22:03:06,7,True,1.0,1.0
94,796,"Sadness is an emotion that can be described as a feeling of unhappiness , sorrow , or grief . It can also be characterized by feelings of loss , disappointment , helplessness , or despair . When someone is sad , they may withdraw from others , become lethargic or quiet , or cry",2024-11-07 17:05:23,7,False,-2.0,1.0
33,2142,"Sluggish , Tired , Quiet , Content , Calm",2022-05-15 10:26:00,3,True,-1.0,0.0
131,3045,"tired , uncomfortable , hungry , neutral , content",2024-10-02 12:00:49,7,True,-2.0,0.0
99,1382,I just had breakfast with family so I am happy . I am starting to get energized for the day and I am looking forward to going on a hike . I feel a little stressed because I have a lot to get done tomorrow and because I have to start injections for a medical treatment .,2024-11-10 12:04:23,7,False,2.0,0.0
124,2668,"Happy , Content , Hopeful , Happy , Cheerful",2024-11-12 22:46:04,7,True,2.0,1.0
38,2718,"Happy , Enthusiastic , Smiling , Excited , Dancing",2022-05-09 15:00:00,3,True,2.0,2.0
45,4567,"Relieved , Annoyed , Angry , Unheard",2021-05-15 13:49:20,1,True,0.0,1.0
120,2503,I am currently feeling neutral as I am engaged with many items at work today with which require my full focus and concentration .   I am also relatively relaxed as most of the work has been completed and deadlines will be met .,2024-11-04 17:08:15,7,False,0.0,1.0
45,4580,"I am feeling very tired today .   It is a rainy day and it’s melting the blizzard down to a manageable level , but it is foggy and the air is thick .   It is one of those chicken soup and a book type of days .   But I have to work .   Hopefully I make one million dollars .",2022-02-03 10:22:03,2,False,-2.0,0.0
124,2647,Right now I am feeling extremely irate . I can’t even process how I am feeling . I hate commuting with a passion and I cannot stand the people I work with . They are evil . I can’t wait until I do not work there anymore and don’t have to commute anymore .,2024-11-06 17:01:24,7,False,-2.0,1.0
1,203,"I feel great . I’ve had a day off . I’m going to go to my mom’s birthday . I love having dinner with my mom . She always treats me , but tonight I think I’ll treat her .   So I’m not sure if that maters . I’m just say that because it makes me feel happy to be having dinner with my mom .",2021-06-16 12:03:12,1,False,2.0,1.0
139,3487,"happy , fantastic , cool , delightful , reserved",2024-11-12 12:09:12,7,True,1.0,1.0
57,303,"tired , anticipating , happy , calm , calm",2024-10-29 12:00:13,7,True,0.0,0.0
50,4996,"Meh , Bored , Lazy",2022-02-12 15:05:27,2,True,0.0,1.0
109,1913,"Calm , Content , Anxious , Tired , Excited",2024-10-17 12:39:25,7,True,1.0,0.0
119,2473,"I ' m really hungry since I barely ate while traveling . Also feeling rushed because the events I need to handle aren ' t done yet , and it ' s adding to my stress . Need to refuel and focus on finishing things up .",2024-10-16 22:01:04,7,False,0.0,1.0
26,1539,Right now I’m feeling content . I did have a few drinks and ate some lasagna so that could’ve helped . Tomorrow I begin a busy week since it is spring break the next couple weeks will be pretty busy . I also have an exam in school but I’ll deal with that later .,2022-03-06 20:00:26,2,False,0.0,1.0
128,2955,"Just finished my clinical rotation for today and walking towards my husband’s office . Although the walk will be at least an hour and a half , I am still very excited and I think this is a very good exercise for me .",2024-11-07 17:07:26,7,False,2.0,2.0
169,4310,"Tired , Worried , Anxious , Sleepy , Work",2024-08-18 22:05:07,7,True,-2.0,0.0
26,1549,It’s a nice day out so I’m happy . I ate a good lunch with my girlfriend so today has been good . I do work later but it is what it is . Hopefully it’s not super busy because I don’t want people at work to ruin my good mood . People can be so intolerable .,2022-03-10 11:13:58,2,False,1.0,1.0
2,126,"Comfy , Content , Calm , Happy , Relaxed",2023-03-19 21:51:43,5,True,2.0,0.0
169,4292,"Happy , Content , Useful , Satisfaction , Mature",2024-08-12 12:39:26,7,True,1.0,2.0
170,4328,"I’m about to take my exam right now and I haven’t really studied much so I’m feeling especially jittery and nervous . I’m feeling a but of   apprehension as well . I don’t know how this exam and the one that I took this morning would affect my grade . And a little nauseous , I think I might’ve eaten a little too much as a result of stress eating .",2024-11-14 22:02:38,7,False,-2.0,2.0
80,5185,"Feeling greatful , peaceful , calm , twisted , swinging , feeling fine , feeling good , feeling a bit dispirited despite winning a good fairable discount for the day . Feeling a bit down because of my stomach hurt due to stupor yesterday",2024-08-18 12:26:24,7,False,0.0,1.0
21,1323,Spending the night at work a d not drinking .   I’m serving plenty customers alcohol and having fun with them .   I’ll be here till 12 : 30 and then headed home to rest while a storm blows through town .   This has been entertaining to fill these surveys out .   I don’t know what else to say to fill my quota of words .,2021-05-04 22:02:43,1,False,2.0,1.0
38,2779,First Day back to work after 3 days off and I need to still get more energy . I’m still in a chill mode and not fully awake and ready . I need to get use to walking up early again . Probably have a Red Bull to wake up .,2022-09-06 12:11:51,4,False,1.0,0.0
141,3578,I feel stressed out but at the same time a little bit happy and I took a few bottles of alcohol outside in my garage today so am stressed out and a little bit drunk not that drunk I just feel really tired and stressed out,2024-08-30 22:14:36,7,False,1.0,1.0
121,2529,"Tired , Sick , Calm , Content , Unwell",2024-11-09 17:02:01,7,True,-1.0,0.0
137,3437,Feeling calm and content . Feeling hopeful for the future and proud of my baby daughter and her growth over the past few weeks . Feeling unconcerned with the rest of the world as I enjoy a free morning with my family .,2024-11-07 12:57:55,7,False,2.0,0.0
11,442,I feel better than last week because yesterday was my day off . I have time to mentally relax and prepare for the week . I am not looking forward to working an extra day at the restaurant but I need the money so .,2021-06-14 12:09:02,1,False,2.0,1.0
16,835,"Mellow , Relaxed , Tired , Content",2022-02-06 10:00:47,2,True,2.0,0.0
50,4984,I have been feeling lighthearted and happy . I spent time with friends during one of my days off and got caught up on some chores and other life responsibilities . That’s about it . Here’s 200 characters .,2021-06-13 12:46:57,1,False,2.0,1.0
66,4774,"Presently I’m radiating vibrant energy , my jovial spirit vivacious and zestful . An exhilarating euphoria coursed through me , rendering me absolutely radiant with an enthusiastic likeness that I could barely be contained .",2024-07-26 17:39:49,7,False,1.0,0.0
40,3291,"Getting ready . Just got done doing my hair , I still have to do my makeup and find a outfit I actually like .   Meeting an old college friend I haven’t seen in 10 years for lunch .   I’m pretty excited about today .",2022-04-28 10:22:00,3,False,0.0,2.0
26,1561,Work has been busy today . They day has gotten better from earlier . The sun is out and the weather is nice which is nice but I wish I could go enjoy it . Today has not been awful like I thought it was gonna be .,2022-03-14 16:56:01,2,False,0.0,1.0
95,1201,"Annoyed , Anxious , Disappointed , Impatient , Nervous",2024-10-13 17:30:18,7,True,-1.0,1.0
40,3227,"Hungry , Tired , Emotional , Edge , Anxiety",2022-02-03 10:10:37,2,True,0.0,1.0
63,4680,"I am currently feeling very happy , and it’s a wonderful sense of contentment that’s filling me up . Everything around me seems to be falling into place , and I’m enjoying the little things , like a good conversation or a moment of peace . There’s a kind of calm joy in knowing that I’m in a good place right now , mentally and emotionally .",2024-11-21 17:52:46,7,False,2.0,1.0
107,1849,"Tired , Unmotivated , Exhausted , Drained , Fatigued",2024-08-07 12:22:56,7,True,-2.0,0.0
122,2595,"I am feeling okay right now . I am at work and things are a little slow because it is the first day back at work after a long three-day holiday weekend for Labor Day . So luckily it is not too stressful , but I am still wishing it was the weekend again .",2024-09-03 12:00:54,7,False,0.0,1.0
106,1822,"Nostalgic , Sad , Lonely , Tired , Sleepy",2024-10-12 12:33:32,7,True,-1.0,1.0
172,4436,"Relaxed , Positive , Concentrated , Busy , Determined",2024-11-05 17:31:04,7,True,1.0,2.0
11,480,I’m moving I’m tired and I’m sad . I’m going through a bad breakup I’m exhausted I haven’t had a full day off in like two weeks . I’m stressed because I don’t know what to do with my cats anxiety is like a nine right now \ n,2022-02-24 20:02:13,2,False,-2.0,1.0
40,3308,Just got done cleaning . I am supposed to meet my friend tomorrow for breakfast . I am really looking forward to that hopefully tomorrow we can go somewhere else . I have to work tomorrow I am looking forward to seeing my coworkers .,2022-09-09 21:17:27,4,False,0.0,2.0
182,4643,"Cranky , Tired , Drained , Aggravated , Frustrated",2024-06-13 22:13:16,7,True,-2.0,0.0
77,5119,"Drained , Vexed , Angry , Worried , Sad",2024-11-14 17:03:01,7,True,-2.0,0.0
38,2752,"Hungover , Tired , Lazy , Headache , Moody",2022-05-07 10:24:00,3,True,-1.0,0.0
72,4977,I feel great .   Got a good sleep and got in some walking .    Have not had any alcohol since Saturday night .    Perfect fall weather .   Xcxxxxxxxxxxxxxxxxxxxxxxxxxxxxxxccccccccccccc \ n \ nXxxxxxxxxxccccccccccccccccccccccccc,2024-09-28 12:33:12,7,False,1.0,0.0
108,1893,"Happy , Calm , Excited , Relaxed , Joyful",2024-10-21 12:06:28,7,True,2.0,1.0
158,4050,"I feel a surge of joy , as if everything is finally falling into place . There ' s an excitement bubbling up inside me , filling me with energy and positivity . Every little thing seems brighter , and I can’t help but smile . I’m deeply grateful for this happiness that makes everything feel alive and meaningful .",2024-10-31 17:09:11,7,False,2.0,1.0
173,4443,"Tired , Proud , Stressed , Excited , Nervous",2024-11-04 12:07:31,7,True,1.0,0.0
17,1011,"I feel pretty good this morning and I’m at work . We will see how things go today . On how I feel later , and tonight . I have to work a double , so tonight too . But then I’m off for two days , so hopefully they show me to stay for both shifts , cause I need the money . Overall , I’m content and calm right now .",2022-01-29 10:19:50,2,False,2.0,0.0
114,2305,"Sad , Lonely , Distressed , Bored , Tired",2024-09-28 17:12:14,7,True,-1.0,1.0
17,1045,"Tired , Exhausted , Lonely , Sad , Depressed",2022-05-01 15:15:00,3,True,-1.0,0.0
158,4026,"Happy , Calm , Focused , Determined , Stressfree",2024-10-23 17:02:55,7,True,1.0,1.0
79,5159,"Positive , Optimistic , Calm , Energetic , Quite",2024-09-10 17:17:10,7,True,-2.0,0.0
90,591,I am feeling more relaxed than before but still stressed out as I have many tasks I have yet to accomplish today and I am exhausted and it’s getting late . my brain is running a million miles a minute right now,2024-10-16 22:08:29,7,False,-2.0,0.0
174,4453,"I feel very exhausted .   I am hyper focused on crocheting but I am running out of steam .   I am not interested in anything other than crocheting , so I feel anxious about running out of energy .   I might burn myself out crocheting , or I might save my energy and become frustrated due to boredom .",2024-08-11 17:01:58,7,False,-2.0,0.0
146,3707,I am tired because I had a long workday . I am stressed about my class and upcoming events . I am excited because I will eat food and watch a TV show . I am relieved because I do not need to work tomorrow .,2024-07-23 22:33:11,7,False,-2.0,0.0
26,1535,"I was stressed this morning because I had a lot to get done . I’m doing much better now because I finished all of my tasks , and now I get to enjoy my day off with my family and girlfriend . We are spending the day outside .",2022-03-19 12:36:19,2,False,0.0,2.0
40,3326,I just had an amazing dinner again as the same restaurant as last night . It was that good we went back again . I’m tired the sun is very tiring . Tomorrow we are leaving in so said but it was fun . I look forward to coming back . Also getting sleep .,2022-09-01 20:05:12,4,False,0.0,1.0
128,2958,"I’m currently feeling very good ! Although I got a flat tire on my way to the clinical this morning but luckily I just left my house and my insurance covered the price for tire replacement ! I’m also very glad to finish my urinalysis and coagulation rotation . I’m currently working out at the gym , it feels very nice to do some lifting . Cannot wait to go home and get a good sleep .",2024-11-08 22:24:26,7,False,2.0,2.0
11,470,I am exhausted I packed and moved all night and had to work in between that . I am emotionally drained from personal stuff however my anxiety is pretty low I’d say a 3 . I’m headed into work now than off tonight so that’s good,2022-02-21 10:02:28,2,False,-2.0,0.0
163,4184,"calm , rested , healthy , sleepy , motivated",2024-12-16 17:00:43,7,True,1.0,0.0
16,862,"Sore , Tired , Calm , Mellow , Full",2022-02-03 20:28:44,2,True,-1.0,0.0
2,165,"Sleepy , Relaxed , Content , Calm , Happy",2023-07-06 22:40:10,6,True,2.0,0.0
2,116,"Active , Busy , Productive , Excited , Focused",2022-09-11 10:48:10,4,True,0.0,2.0
45,4611,"I am currently feeling defeated .   Like , not one thing can ever go my way .   I think that’s why I just am so defeatist - because - when I try my best - I am always always always disappointed .   I am such a positive human to the rest of the world - I wish that they could see how badly I truly struggle daily .",2022-01-31 20:41:52,2,False,-2.0,0.0
11,481,I literally just woke up . I overslept I was supposed to be up earlier and get some stuff done before work but whatever . I haven’t been sleeping well at all not sure why . I’m not in the mood to go to work but it’ll be fine,2022-04-29 10:25:00,3,False,-1.0,0.0
179,4542,"I feel the quiet atmosphere enveloped me calming my racing thoughts , soft whispering fills the room calming my disturbed nerves .\ nMy mind feels calm like still pond , flowing to and fro and peaceful like a calm ocean",2024-09-30 12:47:46,7,False,0.0,0.0
124,2658,"Right now I feel a little bit tired and that’s why I’m only feeling neutral . However I am chopping with my brother which is something that makes me happy . I was also feeling kind of depressed when I was sitting at my house , but I’m glad that I finally got out .",2024-11-09 22:20:08,7,False,0.0,1.0
122,2587,I am feeling stressed because of a few large projects at work that I feel I am behind on . I also did not get enough sleep last night . Looking forward to the weekend so I can catch up on sleep and maybe even do something fun,2024-08-29 12:02:11,7,False,1.0,0.0
103,1523,"Tired , Exhausted , Foggy , Spent , Fatigued",2024-10-17 22:11:37,7,True,-2.0,0.0
145,3691,"I feel angry about how my boyfriend is acting and am considering breaking up with him . I am currently cooking dinner and trying to talk to friends as a way to distract myself , but there is only so much more I can take right now",2024-08-07 22:05:10,7,False,-1.0,1.0
40,3337,I’m currently at a Labor Day party . Enjoying time with friends and family . Since GPE you really have to enjoy times like this . It’s all almost 100 degrees today . The pool feel like a bathtub . I am fortunate to be in a pool .,2022-09-05 15:36:36,4,False,0.0,2.0
87,381,I am currently very happy and content . Slightly sleepy but solely because I am relaxed and at ease . I am excited about my plans for tonight and currently feeling productive . I am in a positive mindset,2024-11-16 17:01:50,7,False,2.0,1.0
50,4993,"Excited , Ready , Unprepared",2022-02-11 17:29:13,2,True,1.0,2.0
114,2301,"Lonely , Bored , Sleepy , Unmotivated , Glum",2024-09-26 17:36:43,7,True,-1.0,0.0
58,1498,"Neutral , Optimistic , Focused , Wellprepared , Courageous",2024-07-22 17:01:31,7,True,0.0,1.0
176,4497,"sleepy , stressed , anxious , `, `",2024-09-24 17:03:02,7,True,-1.0,0.0
172,4427,"Recovering from malaria has been a challenging journey . Physically , I’m still regaining my strength and energy ; simple tasks feel exhausting , and I often find myself needing to rest more than I’d like . There’s a lingering fatigue that makes it hard to concentrate , and my body feels like it’s still in the process of healing , each day bringing small improvements but also moments of frustration .\ n \ nEmotionally , I’m experiencing a mix of relief and vulnerability . I’m grateful to have overcome such a serious illness , but there’s a nagging worry about my health that lingers in the back of my mind . I’ve had to adjust my expectations , reminding myself that recovery takes time and patience . It’s a reminder of how fragile our well-being can be , which has made me more appreciative of the moments I feel better .\ n \ nDespite these challenges , there’s also a newfound resilience in me . I’m learning to listen to my body and give myself the care I need . There’s a growing sense of hope as I notice improvements in my strength and ene",2024-11-02 17:14:37,7,False,-1.0,2.0
141,3584,"Stressed , Tired , Downcast , Sad , Annoyed",2024-09-03 22:05:17,7,True,-2.0,0.0
60,2577,Hi happy Friday ! Feeling content and fulfilled . Just did an hour of Pilates so my body s feeling great sore but worked out .   Feeling great . And it’s Friday . Work n food shopping to be done and excited about a beautiful weekend coming up . Enjoy all !,2024-07-26 12:00:23,7,False,2.0,0.0
36,2496,I just got home from a very long day of work and can now relax .   I an very happy I have the next two days off and I can try to take care of certain situations therefore I am quite happy and content right now ..,2022-01-23 20:03:16,2,False,2.0,1.0
2,54,"Pained , Sore , Alert , Active , Fine",2022-05-23 15:02:00,3,True,-1.0,0.0
59,2299,"I just feel like I ' m riding a soft wave that ' ll take me where I need to be eventually which isn ' t great but isn ' t bad . There ' s a steady light calm in me , something that comes around often but not forever .",2024-08-12 12:51:31,7,False,1.0,0.0
24,1411,"Tired , Achy , Grumpy , Anxious , Lethargic",2021-06-09 12:05:19,1,True,-1.0,0.0
60,2416,I am currently feeling great   just went car shopping with my daughter   PERSON to work   feeling accomplished   so happy to have spent quality time with her   made me proud to have my college grad picking out her new car,2024-07-20 17:06:15,7,False,2.0,0.0
33,2109,I went out to celebrate with a few of my friends last night and had a super fun time I did not really drink a whole lot because we did not stay out long . I did have a beer and two cocktails . I got home early but did not sleep well at all just kept waking up through the night so I just feel super sluggish and sleepy today because I had to be up very early,2022-02-08 10:20:58,2,False,-1.0,0.0
33,2148,"Active , Anxious , Jittery , Tired , Sluggish",2022-05-17 15:03:00,3,True,0.0,2.0
170,4325,I’m feeling stressed but at the same time excited . Stressed because I just finished taking an exam and have another tonight . Excited because it’s almost Thanksgiving Break ! I’m looking forward to Black Friday shopping .,2024-11-14 12:02:20,7,False,1.0,2.0
133,3103,"I’m feeling a blend of anxiety and hope right now . The anxiety comes from worries about an upcoming event or unresolved issues , which seem to linger in the back of my mind and affect my daily routine . At the same time , there ' s a sense of hope that counterbalances this anxiety , giving me a glimmer of positivity and a belief in a better outcome . This mix makes me cautious and reserved in some moments , yet optimistic and enthusiastic about potential positive outcomes in others . Overall , it’s a complex interplay between worry and optimism that shapes how I approach things .",2024-09-15 12:06:10,7,False,0.0,2.0
17,1051,"Stressed , Late on schoolwork , Busy , Worried , Content",2022-05-03 15:01:00,3,True,1.0,0.0
163,4174,"tired , worried , unmotivated , tired , disappointed",2024-12-07 17:46:56,7,True,0.0,1.0
179,4546,"Neutral , Unbiased , Detached , Preserve , Unbothered",2024-10-03 12:32:16,7,True,0.0,1.0
40,3325,I’m having a aggravating day . But now I am going to relax in the pool . I had lunch a little while ago it was not the best lunch . The food was undercooked . I am looking forward to having a nice dinner . We are going to go later so we can enjoy more pool time .,2022-09-01 15:06:05,4,False,0.0,1.0
89,568,I’m feeling kind of overwhelmed right now . Kind of nervous and impatient . I want to do something fun but I know I need to concentrate and get work done on my laptop (personal duties) . I’m trying to stay positive but it’s hard . I feel a little down but I’m pushing through .,2024-08-18 17:00:33,7,False,0.0,1.0
40,3250,"Thoughtful , Happy , Anxiety , Motivation , Tired",2022-01-26 20:01:19,2,True,0.0,2.0
38,2740,"Tired , Lazy , Sleepy , Exhausted , Moody",2022-05-03 10:00:00,3,True,0.0,0.0
138,3474,It’s been a super long day and I’m going to bed early . I’m very very tired from not sleeping well and just a long day all together . The kids got new beds so they are having a hard time which is making me feel even more tired and burnt out .,2024-11-11 22:27:26,7,False,-2.0,0.0
16,823,"Exhausted , Invisible , Sore , Morose",2021-05-05 21:33:02,1,True,0.0,1.0
81,5216,"Calm , Content , Neutral , Leveled",2024-09-27 12:05:24,7,True,1.0,0.0
173,4440,"Tired , Rested , Sick , Content , Ready",2024-10-27 22:57:53,7,True,0.0,1.0
144,3647,"I am currently feeling a little tired but calm and content . I am not overly joyous , but I do not feel sad or anxious at the moment . I am focused on my work for the day but I do not feel stressed about it .",2024-10-15 17:00:50,7,False,1.0,0.0
96,1235,"Feeling more energy . Recovering from the blues . Eating a good meal and rest helped . Stressed about the work remaining . Looking forward to seeing close friends tomorrow . Weather is very nice , but unusual and concerning .",2024-11-07 17:17:07,7,False,0.0,1.0
64,4689,"Calm , Thoughtful , Extra , Generous , Happy",2024-08-10 17:07:48,7,True,0.0,0.0
80,5182,"Down , Bittered , sad , Weak , Tired",2024-08-16 12:26:02,7,True,-1.0,1.0
142,3593,I am feeling content right now as I have been able to accomplish a lot of things today . I worked with my sister to get my mother to consider a catheter which was recommended for her by the hospice staff . I interpreted the nurse’s concerns and my sister’s explanation of support for the procedure so it feels like we are making progress . My mom’s issue with an overactive bladder has interfered with her sleep as well as my sister and I as her live in caregivers . She is currently getting up every 1-2 hours around the clock to use the bathroom . She is getting exhausted and has fallen twice . I also got a 2 hour break today while the hospice aide was here . I was able to go for a nice walk on the beach and it was refreshing .,2024-11-14 17:03:39,7,False,1.0,0.0
17,1058,"Busy   at work , Joyous , Making money , Content , Happy",2022-05-05 20:11:00,3,True,1.0,1.0
162,4149,"Happy , Excited , Funny , Energetic , Loved",2024-11-16 12:00:32,7,True,2.0,2.0
40,3264,I woke up late today . I am sitting around having a coffee . I am thinking of what I want to eat for breakfast today . I am trying to go the healthy route the next couple of weeks . I am trying to loose 15 pounds for my birthday in July . If I put my mind into it I can do it .,2022-05-03 10:00:00,3,False,0.0,1.0
63,4676,"Right now , I feel somewhat calm , though there ' s a quiet sense of restlessness beneath the surface . While I’m not feeling particularly stressed , there’s a slight undercurrent of anticipation as I work through tasks and think about upcoming challenges .",2024-11-20 12:50:52,7,False,0.0,2.0
114,2081,"Indifferent , Bored , Tired , Lonely , Sleepy",2024-09-24 22:20:48,7,True,0.0,1.0
27,1617,"Bored , Slow night , Easy money",2022-01-28 22:08:33,2,True,0.0,1.0
2,33,"Annoyed , Content , Comfy , Hungry , Relaxed",2022-02-23 20:01:13,2,True,1.0,0.0
27,1612,"Content , Fine , Ok",2022-01-26 15:13:11,2,True,0.0,1.0
40,3274,I’m feeling energetic I went to the gym I did a couple miles this morning . I organized the bathroom closet . Now I am getting ready to prepare dinner . It’s also Friday so that makes me happy . Not sure what I am doing tonight yet . It’s also raining .,2022-05-06 15:55:00,3,False,0.0,2.0
40,3327,I woke up feeling tired and stressed thinking about my move . However I do look forward to decorating and starting new memories . It’s crazy to think a month from now I will be in a new home . Also I hope I find a home with a pool in it .,2022-09-02 10:00:45,4,False,0.0,0.0
114,2304,"Indifferent , Okay , Neutral , Tired , Comfortable",2024-09-27 22:16:09,7,True,0.0,1.0
98,1333,"Calm , Content , Tired , Fine , Normal",2024-11-05 17:00:49,7,True,2.0,0.0
31,1961,"over the weekend , my friends dad and dog both died so i have been feeling sorry for him and helping him book travel to GPE to be with his family . It’s pretty much all i have spent time or energy on .",2021-03-30 12:35:54,1,False,0.0,0.0
64,4702,I’m abit tired and all of that \nI have a lot to do and a lot of emotions attached at the moment \nBeen feeling abit stressed out and unhappy life just stressing me and all of that \nA lot of drama has been happening lately,2024-08-15 12:02:18,7,False,-2.0,0.0
116,2384,"Today , I ' m feeling alright . Nothing is really bringing me down right now . I think I ' m in a good place . I was able to get some tasks done today with no problem . You can really see things change in the middle of the month .",2024-08-14 17:01:10,7,False,1.0,1.0
11,493,I got attacked by a cat . I’m tired work is steady busy this is usually my day off but I needed the money so whatever . I’m jsut stressed in my normal life I guess it’s a good escape to be extra busy so I don’t mind that I picked up a shift,2022-04-21 20:53:00,3,False,-1.0,1.0
2,129,"Relaxed , Content , Hungry , Calm , Tired",2023-03-20 21:28:09,5,True,2.0,0.0
133,3105,"I’m experiencing a deep sense of happiness right now that feels incredibly fulfilling and uplifting . It’s not anchored to a specific event but rather a general sense of well-being and contentment that seems to infuse my daily life . Everything feels a bit more vibrant and enjoyable , as if I’m seeing the world through a brighter , more optimistic lens . This feeling has a way of making even the simplest moments more delightful . I’m smiling more often , and interactions with others are marked by a genuine enthusiasm and positive energy .",2024-09-16 12:20:41,7,False,1.0,1.0
2,146,"Sleepy , Tired , Comfy , Cozy , Awake",2023-03-13 10:16:27,5,True,-2.0,0.0
33,2131,I have not been feeling well today so I am just laying around the house and feel pretty neutral . I hope I feel better tomorrow after getting some sleep so I can get more done with my day than I did today .,2022-01-31 20:05:07,2,False,0.0,1.0
17,985,"I’m at work . I am feeling okay so far today , but I am a double , so we will see what happens . Hopefully I will continue to feel well and stay content with how things are . I wish I knew what was going to happen with my home , that would take a load off of me ! I would be in such a better mind set of that was just over with ! I do not like not knowing what will happen . Hopefully it will all turn out ok and I am worrying for nothing .",2022-02-04 10:11:13,2,False,2.0,0.0
122,2589,"Stressed , Tired , Worried , Exhausted , Thankful",2024-08-29 17:05:37,7,True,0.0,1.0
16,866,Annoyed with today . Feeling like I get taken advantage of . I always put aside what I want to do so that I can spend time with my boyfriend and his son but they will never reciprocate and do what i want to do . So in order to do stuff that interests me i always have to do it alone .,2022-05-10 20:20:00,3,False,0.0,1.0
28,1794,"sleepy , optimistic , excited , spontaneous , proud",2021-04-02 12:11:32,1,True,2.0,1.0
38,2729,"Energy , Grea , Happy , Rested , Ready",2022-04-29 15:00:00,3,True,0.0,2.0
40,3363,I woke up with a bad headache today . I’m just relaxing for now . I have to work later on this morning .   Tomorrow I’m off . I plan on meeting at this beautiful restaurant named ORG it’s bright and pretty . I love it there .,2023-03-10 10:04:01,5,False,0.0,0.0
27,1637,Had to wake up early today to go to our beer collaboration launch yxgkxykxykxykxkyxykxykxykxgkxgkxgkxgkxhkxgkxgkxgkxykxgkxykxgykxgkxgkxgkxgkxgkhkxhkxhkxhkx mgchkfu got shake do fish so half the   do D hand go fished gold guy office had six fed tech h ORG check HD cics FF ORG HD ORG   band back solo LCD in day ladies ID CD comic catch of ORG HD big,2022-05-05 10:01:00,3,False,-2.0,0.0
113,2049,"Nervous , Tired , Hungry , Happy , Calm",2024-10-30 12:16:05,7,True,1.0,1.0
131,3050,"about to drive an hour home with my yelling cat . she hates the car but hopefully there’s no traffic , i really wanna get home and see my girlfriend before i have work at 6 . why 200 words that seems like a lot",2024-10-04 17:00:57,7,False,0.0,0.0
17,1029,"Busy bee , Awake , Content , School work , Last 2 days of school",2022-05-10 10:05:00,3,True,0.0,1.0
58,1829,"Neutral , Fine , Optimistic , Lethargic , Confident",2024-07-25 17:03:44,7,True,0.0,1.0
79,5165,"Dismay , Homesick , Neutral , Nervous , Jittery",2024-09-13 17:14:35,7,True,-1.0,1.0
99,1379,"Chill , Relaxed , Hungry , Content , Restless",2024-11-08 22:07:18,7,True,1.0,1.0
145,3692,"I am anxious , overwhelmed and upset . I am seriously considering leaving my boyfriend of 5 years over him interfering with my friendships and creating problems . I feel horrible and cannot handle the stress",2024-08-08 17:50:25,7,False,-1.0,2.0
27,1663,"Really tired . Had a funeral yesterday . Drove 7 hours . Had a drink with old friends afterward , which was nice . Not looking forward to driving back home today . You said 2 to 3 sentences what more do you want from me ?‍♂️",2022-05-02 10:04:00,3,False,-2.0,0.0
114,2079,"Sad , Dejected , Alone , Weary , Glum",2024-09-24 12:03:10,7,True,-1.0,1.0
75,5054,i am pretty relaxed at the current time i am sitting on the bed completing surveys / working this morning . i have a plan for dinner and don ' t feel overwhelmed . i am thinking about a way to be content and not be overwhelmed with the anticipation of returning to work tomorrow .,2024-10-20 12:10:08,7,False,1.0,0.0
155,3940,"I am feeling calm and content , not much to do today so I can relax and spend quality time with my partner . I had a good sleep so I feel well rested too . I also felt that I had a good evening with a successful score on my exam yesterday night and it was a big stressor , so I ' m happy and content it worked out .",2024-11-02 12:49:51,7,False,1.0,0.0
95,1196,"I’m feeling content . My afternoon check in meeting with my supervisor was canceled , so I got some time back for myself to study . I am relieved to be done with classes for the week and ready to hopefully recharge over the weekend .",2024-10-11 17:03:06,7,False,1.0,0.0
113,2054,"Nauseous , Tired , Sleepy , Calm , Sluggish",2024-10-31 22:03:06,7,True,-1.0,0.0
90,594,"trapped , stuck , anxious , confused , lost",2024-10-17 22:02:40,7,True,-2.0,1.0
146,3711,"Tired , Sleepy , Annoyed , Frustrated , Bored",2024-07-25 22:30:15,7,True,-1.0,1.0
150,3838,"Calm , Refreshed , Introspective , Enriched , Meager",2024-06-23 22:13:18,7,True,1.0,1.0
138,3473,"Tired , Content , Happy , Nervous , Tired",2024-11-10 17:07:53,7,True,-2.0,0.0
90,595,"Anxious , Relieved , Tired , Wired , Anticipating",2024-10-18 12:05:11,7,True,-1.0,2.0
93,770,"Numb , Depressed , Despairing , Frustrated , Tired",2024-11-07 12:01:16,7,True,-2.0,1.0
125,2675,"Sluggish , Slow , Dull , Down , Tired",2024-11-15 17:02:33,7,True,-1.0,0.0
139,3504,"Happy , Delightful , Calm , Contented , Reserved",2024-11-17 12:04:33,7,True,2.0,0.0
40,3272,Currently looking for a pair of sneakers online . Can’t decide on the kind or color I want to jog and do every day errands in . After this I will head upstairs and prep for tomorrow and get clothes ready .,2022-05-05 20:06:00,3,False,0.0,2.0
2,114,"Busy , Focused , Calm , Productive , Good",2022-09-10 16:09:08,4,True,0.0,2.0
40,3280,I’m feeling hungry . Getting dressed now to go to the grocery store . Tonight’s dinner will be lemon shrimp scampi .   After dinner we plan on watching a movie . I’m excited for dessert as well . Just looking forward to a relaxing Sunday doing pretty much nothing,2022-04-24 15:12:00,3,False,0.0,2.0
33,2111,I am just feeling very neutral and relaxed . I had a long day at work and school and I just want to sit down and hang out at the house . I just feel exhausted because I did not get good sleep last night and wish I could have slept better .,2022-02-08 20:11:07,2,False,0.0,1.0
138,3476,"I’m happy because I’m home with my family , I’m just so exhausted and tired . But my daughter called me her hero so I’m just so happy and feeling loved . I’m tired from working and lack of sleep but my babies make me so incredibly happy .",2024-11-13 17:02:09,7,False,-2.0,0.0
158,4044,I have not been active at work today as I am used to . It happened that I reported to work a bit late but I didn ' t really like how my supervisor talked to me . I tried to explain everything but it seems like he ' d already prejudged me . I have been in a bad mood almost a whole day . In short I ' m just waiting to finish my shift hours then I go home .,2024-10-29 17:03:09,7,False,0.0,1.0
146,3709,"Relaxed , Hopeful , Determined , Calm , Excited",2024-07-24 17:16:19,7,True,0.0,1.0
33,2160,"Sluggish , Tired , Neutral",2022-05-07 20:10:00,3,True,0.0,1.0
179,4538,"Awaken , Active , Lively , Bold , Vigorous",2024-09-27 12:02:33,7,True,0.0,2.0
17,1048,"Awake , Thriving , Joyful , Happy , Smiling",2022-05-02 15:03:00,3,True,2.0,0.0
126,2909,"Sick , Down , Meh , Tired , Drained",2024-10-03 12:18:13,7,True,-2.0,0.0
11,474,I don’t really feel anything not happy or sad or nervous . I don’t have any energy I am very tired I guess that is all I feel right now . Shift is almost over it was a slow night not a lot of tips bc it is raining and my next two days are super busy so I’m just blah,2022-02-22 20:35:45,2,False,0.0,1.0
94,815,"Chilled , Collected , Calm , Lowkey , Peaceful",2024-11-11 22:38:15,7,True,2.0,0.0
2,110,"Comfy , Rested , Awake , Content , Peaceful",2022-09-09 11:48:47,4,True,2.0,0.0
17,997,"I’m feeling okay today , so far anyway . School work right now . I work at 4 : 45 . I need the money , or I would not go . I would just concentrate on my school work . I wish I could do that . That would be so much simpler . Hopefully I continue to feel okay , through tonight , through work .",2022-02-08 10:33:54,2,False,2.0,0.0
182,4644,"Calm , Focused , Relaxed , Inquisitive , Grateful",2024-06-14 12:00:45,7,True,1.0,0.0
60,2537,Feeling so very excited   at ORG right now getting my daughter’s car   picking it up right now ! It’s beautiful   she is happy I am happy I am so excited for her   beyond excited !!!! \nOnce we leave here will go and get some food with get to celebrate her new beautiful car,2024-07-25 17:00:40,7,False,2.0,0.0
124,2664,I am currently feeling happy because I just had dinner with my brother . Before this I had a meeting that went well . I am feeling a little bit nervous because there is work that I need to do tonight and tomorrow but overall I feel good .,2024-11-11 22:03:14,7,False,1.0,1.0
66,4780,"I felt very very tired . All my energy was completely gone . My whole body felt heavy and slow . Even lifting my arms or legs took massive effort because I’m so drain right now . I’m tired down to my bones , making my muscles feel weak and lifeless .",2024-07-28 17:07:40,7,False,-1.0,0.0
40,3276,I am feeling energetic planning on attending the gym for a spin workout class . After the gym I am heading home to get ready to go to brunch with a bunch of friends . I’m very excited \ n about that .   Catching up and eating yummy food seems to be what excites me now on a Sunday,2022-04-23 10:01:00,3,False,0.0,2.0
158,4025,"Tired , Sleepy , Good , Hungry , Exhausted",2024-10-22 22:05:50,7,True,-2.0,0.0
88,400,"I am currently feeling pretty tired , but I woke up very early today so I believe that is normal . Besides being tired , I have a little bit of a headache and stomach pain , so I am a bit stressed about that .",2024-11-08 22:05:43,7,False,-1.0,0.0
108,1900,"Happy , Excited , Active , Joyful , Good",2024-10-23 22:47:05,7,True,2.0,1.0
57,659,I am feeling tired . I got to my shift very early in the morning and am looking forward to going home . I am anticipating a presentation during the middle of the day today . I am looking forward to being done with it and getting back to studies .,2024-11-06 12:20:34,7,False,0.0,0.0
99,1386,I am still feeling anxious because I haven’t gotten a response to an important email and I still have a lot of work to get done . I went on a nice ride which made me feel calmer and I am hopeful that the rest of the day will be productive .,2024-11-11 17:27:16,7,False,0.0,0.0
126,2893,"I feel okay .   Not too excited or happy for anything in particular but not drained or upset .   I feel very neutral , but slightly upbeat .   I ' m almost done with classes for today and am not stressed out over any homework or assignments .   I feel fine at work , nothing is bothering me , but I do feel bored sometimes .",2024-09-23 17:35:34,7,False,1.0,0.0
16,834,"Anxious , Chill , Tired",2022-02-05 15:36:44,2,True,1.0,2.0
18,1300,"Content , Calm , Chill , Neutral , Excited",2022-05-05 15:33:00,3,True,1.0,1.0
38,2680,"happy , excited , motivated , dancing , joyful",2022-02-06 15:00:48,2,True,2.0,1.0
163,4173,"motivated , content , overwhelmed , invigorated , neutral",2024-12-06 17:00:40,7,True,1.0,0.0
174,4472,"Irritable , Angry , Annoyed , Depressed , Cranky",2024-08-20 12:04:17,7,True,-2.0,2.0
140,3553,"Calm , Happy , Peaceful , Na , Na",2024-08-15 12:04:18,7,True,2.0,0.0
40,3242,"Empathy , Emotional , Missing , Sad , Happy",2022-01-24 10:03:24,2,True,0.0,1.0
81,5217,"Grateful , Joyful , Thankful , N/A , N/A",2024-09-27 17:09:53,7,True,1.0,1.0
105,1785,"Sluggish , Tired , Complacent , Neutral , Hurt",2024-11-18 22:01:10,7,True,-2.0,0.0
178,4517,"I’m not sure I enjoyed the bed Mc this week , I hope it fade too . I wish life is like a book I could watch , like in the movies . I would’ve watched my life play and decide on so many decisions I would how to handle situations before it gets the chance to turn ugly",2024-09-12 22:03:33,7,False,0.0,2.0
133,3101,"Happy , Grateful , GOOD , Excited , Wonderful",2024-09-14 22:19:34,7,True,2.0,1.0
85,263,"Cold , Content , Lively , Reluctant , Thoughtful",2024-09-28 12:01:15,7,True,1.0,2.0
62,3714,"I ' m cool ,.. watching the ORG play right now is extremely upsetting and embarrassing , but that ' s their problem .. It does irritate me as a ORG fan , but I am just a fan .   As far as how I ' m doing individually , I had a great day .   I was able to get a couple of clinical trials set up , and I make good money from those .",2024-11-18 22:47:02,7,False,2.0,0.0
2,89,"Active , Worked , Busy , Productive , Sore",2022-09-15 15:00:48,4,True,0.0,2.0
57,372,I am currently tired . I am doing a night shift at the hospital . I am anticipating the night ahead . I am feeling full from dinner . I had some popcorn which made me happy . I am somewhat uncomfortable because it is hot here .,2024-10-29 22:00:18,7,False,0.0,0.0
106,1828,I recently had a scary motorcycle accident and I’m still recovering . I feel very shaken up and afraid to ride my motorcycle again . I’m feeling very sad right now because of the incident . I also feel uneasy .,2024-10-18 12:12:43,7,False,-1.0,1.0
126,2907,"Okay , Chill , Relaxed , Fine , Pleasant",2024-10-02 12:42:32,7,True,1.0,0.0
40,3224,"Hungry , Tired , Sore , Inspiring , Happy",2022-01-31 15:17:13,2,True,0.0,1.0
2,74,"Relaxed , Comfy , Content , Calm , Peaceful",2022-05-16 20:28:00,3,True,2.0,0.0
2,131,"Relaxed , Tired , Content , Calm , Comfy",2023-03-21 17:31:20,5,True,2.0,0.0
71,4964,"Calm , Tired , Happy , Relaxed , Tired",2024-08-30 22:41:09,7,True,2.0,0.0
2,72,"Sleepy , Tired , Comfy , Cozy , Awake",2022-05-16 10:55:00,3,True,0.0,0.0
27,1658,Busy at work . Lot of good people but some real pricks you know how it goes jfufjcuchfjcjcjcjcjcjchchcjchchchxbchch fuchch nchcjfucjcfktstjsjgzgmxngzgmzgmzgkzgm gkzgkxggxhkxggxgjzgksgkxhkxgmxkhxgkxkgxgkxgkzgkzgkxgk,2022-04-29 20:14:00,3,False,0.0,1.0
81,5219,"Calm , Content , Leveled , At peace",2024-09-28 20:38:51,7,True,2.0,0.0
172,4411,"I woke up feeling calm and content this morning , grateful for a restful night after the excitement of celebrating my sister ' s twins . The past few days have been a whirlwind of emotions and activities—joy , laughter , and the inevitable exhaustion that comes from organizing and participating in such a joyous occasion . It was truly special to see everyone come together to celebrate this wonderful moment , but now , I appreciate the peace that follows .\ n \ nLast night , I finally allowed myself to rest , letting go of the stress and busyness that had built up . I felt the weight lift as I drifted into a deep sleep , waking up refreshed and ready to face the day with a clear and peaceful mind . The joy from the celebration still lingers , but it ' s no longer overwhelming ; instead , it’s a warm , comforting memory I can carry with me .\ n \ nThis morning , there ' s a sense of quiet satisfaction and happiness . The house feels calm , and I’m enjoying the stillness after all the noise and excitement . I feel grounded , knowing that the stress o",2024-10-27 12:26:03,7,False,1.0,1.0
105,1774,"Tired , Active , Motivated , Anxious , Good",2024-11-13 17:01:22,7,True,0.0,2.0
2,59,"Good , Relaxed , Tired , Content , Fine",2022-05-25 15:06:00,3,True,2.0,0.0
64,4706,"I’m very sad because I got things to do , but I’m in pains I feel very low at this point \nI feel no one is going to help isn’t coming to my aid \nI feel very stressed out \nMy tooth hurts \nAnd I’m not getting enough sleep and all that’s to be said but then I can’t do nothing about it \nIt will pass",2024-08-16 22:00:36,7,False,-1.0,1.0
27,1638,Pretty tired because I had to wake up early for our beer launch party . Beer is good and had a good time . Now back to work grrr hey bring hang jarring mask Men’s ing brog Meir bend chug rub herb Men’s jug third jar duds GMC kiss of an off dam HD em bring bring icing to PERSON   in ORG PERSON   in PERSON so us had he’s is TBD PERSON cool PERSON of PERSON I’ll if PERSON dab to fan his dab em HD BBB BBB,2022-05-05 15:22:00,3,False,-1.0,0.0
125,2875,"Active , Alive , At alert , On point , Ready",2024-11-19 12:24:17,7,True,0.0,2.0
105,1795,I’m not feeling fully awake since waking up not that long ago . I slept around 2 hours and it didn’t help . I’m not feeling like myself a lot of stressors right now in life and financially it’s been rough for my family . Sometimes it’s hard to have hope but need too .,2024-11-19 17:00:58,7,False,-2.0,0.0
17,986,"I’m at work . I feel ok , but I am pissed . I am a double and they will not cut me . For god sake’s , I’ve got to come back ! Why are they keeping me here !? I have an empty section . This is PERSON  . Other than that , I’m ok still",2022-02-04 15:01:44,2,False,0.0,1.0
139,3495,"I ' m feeling slightly relaxed , with a subtle warmth spreading through my body . My senses remain sharp , but my mind has eased into a calm , gentle hum . Clarity and focus remain intact . A gentle warmth spreads throughout my body , easing any residual tension and promoting relaxation . My mind , previously alert and active , slows its pace slightly , adopting a calm and serene demeanor \ nMy senses remain sharp and responsive , with no noticeable diminishment in clarity or focus . Emotionally , I feel more at ease , with concerns or worries diminishing in intensity . Social interactions become more comfortable , with conversation flowing effortlessly . Laughter and smiles emerge more readily . my thinking remains clear and logical . Problem-solving abilities and decision-making capacities seem unaffected . Memory recall and concentration remain intactBalance and coordination are maintained .",2024-11-14 17:06:22,7,False,1.0,0.0
40,3236,"Beautiful , Happy , Mad , Motivation , Encouraging",2022-01-22 10:04:21,2,True,0.0,1.0
99,1378,I am feeling a little anxious because I have to drive into the city today for work and I am worried about the traffic and getting my work done . I am happy because of the beautiful weather and overall feel pretty good today with a fair amount of energy .,2024-11-08 12:16:00,7,False,1.0,2.0
40,3353,I am doing a little online shopping for a house . I love somebody designs . I love the silver mero work and Crystal requests and glamour . I am going for this is the first time I ever decorated my life . My mom has always done it .,2023-03-20 20:37:23,5,False,0.0,2.0
161,4105,"Excited , Happy , Content , Special , Loved",2024-10-12 12:00:59,7,True,2.0,2.0
91,663,I am currently feeling very happy . I am excited for Halloween and parties and a lot of other fun activities that are happening tonight . I am also content because I think I did a good job at work today . I was going around helping my boss .,2024-10-31 17:01:24,7,False,0.0,0.0
17,1041,"Happy , Content , Lively , Ready to make money , Excited",2022-04-30 10:01:00,3,True,2.0,1.0
146,3716,"Happy , Proud , Determined , Focused , Bored",2024-07-28 22:00:44,7,True,1.0,1.0
26,1524,Work was long yesterday so I’m pretty tired today but today is going smoothly . I’m not stressed and the people I’ve had today have been nice . The sun is out and it’s getting warmer . I only have 4 more days until my next day off .,2022-03-15 15:00:13,2,False,1.0,1.0
147,3740,I am feeling good right now it ' s a semi nice day out and I ' m out with my friend and her dog going on a nice walk . We are enjoying the fresh fall air for a few hours then we will go back home and do whatever house work we have to do,2024-10-17 12:34:26,7,False,1.0,2.0
63,4686,"Happy , Active , Cool , Fine , Reserved",2024-11-23 22:24:00,7,True,2.0,1.0
62,3541,"Happy , Relaxed , Calm , Chill , Composed",2024-11-10 22:02:46,7,True,2.0,0.0
93,759,"I feel very sluggish and depressed .   There is a lot of conflict around me in my friend circle , and I really don’t like conflict . I don’t like having to take sides .   I want everyone around me to be friends .",2024-11-02 22:01:02,7,False,-2.0,1.0
150,3815,"Satiated , Energized , Content , Optimistic , Creative",2024-06-12 22:00:58,7,True,1.0,2.0
137,3441,"Tired , Content , Calm",2024-11-09 12:50:42,7,True,0.0,0.0
83,4,I feel very satisfied with everything I achieved today . I got a lot of work done and even booked an upcoming trip next month with my fiance . It feels nice to take the Friday evening to relax and watch a documentary .,2024-08-02 22:00:54,7,False,2.0,0.0
83,19,"Achieved , Calm , Content , Relaxed , Peaceful",2024-08-08 17:10:03,7,True,1.0,0.0
85,267,"Folding laundry , ate dinner , and getting ready for bed . After I make my bed , I am exhausted , and I hope to sleep well tonight as I will need to be up by 6am to be to work by 7am . Prepared my lunch and fruits to take for the day . I will need to leave in time .",2024-09-29 22:00:30,7,False,-2.0,0.0
158,4051,"Tired , Relaxed , Focused , Proud , Happy",2024-10-31 22:07:32,7,True,-1.0,0.0
121,2539,I’m feeling pretty good . Not happy or sad . Medicine kicked in and I feel better . Will probably feel sick again once the medicine wears off . Not going back to school today I don’t know about tomorrow yet . I’ve just been watching TV in my bed all day .,2024-11-12 17:21:38,7,False,0.0,1.0
107,1857,"Relieved , Content , Connected , Accomplished , Tired",2024-08-10 17:10:27,7,True,0.0,1.0
108,1880,"Feeling good and active . I am not feeling emotional , physical and mentally drained because I am currently working and going about my daily business which nothing is intervening with it and not stresses or nervous about anything",2024-10-14 22:02:17,7,False,2.0,1.0
146,3706,"Tired , Annoyed , Stressed , Worried , Confused",2024-07-23 12:32:27,7,True,-1.0,0.0
38,2749,"Relaxed , Happy , Chilling , Good , Thankful",2022-05-06 11:43:00,3,True,2.0,0.0
40,3303,I am feeling overwhelmed this morning . My email account was hacked yesterday and I’m trying to contact as many people as possible to let them know I didn’t send those crazy emails . This is becoming a nightmare . The hackers sent disturbing emails to many of my friends .,2022-09-08 10:08:06,4,False,0.0,2.0
79,5173,"Calm , Focus , Optimistic , Nervous , Tired",2024-09-17 17:22:44,7,True,0.0,1.0
169,4303,I am relaxed and trying to make it through the day . I have anxiety and nervousness which is leading to depression . I wan to be happy and trying really hard to keep myself together for my family . I hope to be caring and successful member of society .,2024-08-15 22:02:08,7,False,-2.0,2.0
79,5168,"Happy , Enthusiastic , Optimistic , Fun , Agile",2024-09-14 17:57:59,7,True,2.0,2.0
17,1008,"I’m trying to do homework , I have a Paper due this Somali that I’m working on . It’s going well , so far . So that helps with my sanity . lol . I’m okay , as far as right now . I have to work tonight , not looking forward to that with the exception that I need money , so I’ll make it through it . Maybe not happy , until I get off , but I’ll get more money for my bills and such . That does a lot for my mental stability .",2022-01-28 10:02:36,2,False,1.0,0.0
40,3293,I am so exhausted from the day I had . I meal prep and went to the gym and got an amazing workout in and after went shopping at the mall got summer clothes . I had a very active day . I am on chill mode and going to bed early .,2022-04-28 20:20:00,3,False,0.0,1.0
11,496,It was a good shift I feel good is actually have alot of e energy it was so busy but I didn’t really care . I do think I’m going to drink tonight but I’m not sure yet because tomorrow is going to be even busier,2022-04-22 22:02:00,3,False,2.0,1.0
52,5136,"Sick , Tired , Nervous , Stressed , Fearful",2021-06-10 12:01:54,1,True,-2.0,0.0
38,2727,"Sleepy , Lazy , Hot , Thirsty , Bored",2022-05-12 15:25:00,3,True,0.0,1.0
121,2542,"Calm , Happy , Content , Neutral , Healthy",2024-11-13 22:02:02,7,True,1.0,1.0
16,863,"It’s windy AF outside this weekend which means no one wants to go to the bar . So it’s been a very slow weekend , not making alot of money so it’s been rough and I’m frustrated . It’s super annoying when the weather/something you can’t control effects your ability to make money so much",2022-05-08 15:03:00,3,False,0.0,1.0
33,2103,It’s been a pretty good day so I am just pretty happy and relaxed . I got most of my house cleaned so that makes me feel more calm when I have my house clean . I’m probably gonna meet some friends later so I’m pretty happy about that .,2022-02-05 20:00:48,2,False,1.0,1.0
33,2123,I stayed up fairly late last night to finish my homework but I did sleep pretty good so I woke up rested and content . I feel calm and pretty happy and feel like I’m ready to tackle the day . On the weekends I always have a ton of errands and things to do but I’m not anxious or anything today because I slept well last night .,2022-01-29 10:42:45,2,False,1.0,0.0
17,984,"I’m okay . Just got done eating . I feel better this evening than I did earlier this afternoon . I’m tired , but I feel okay . I’m content . I’m good right now . Not long before I’m going to bed . I have to work a double tomorrow . Yay me !! I’ve got so much school work , I need to work on it instead , but I got to get that money too for my bills .",2022-02-03 22:33:29,2,False,2.0,0.0
17,1023,"Off work , Tired , Sluggish , Need to study for exams , Stressed",2022-05-08 10:03:00,3,True,1.0,1.0
40,3398,"Today is a cold summer day . I am working to find a wedding dress to wear to my friends weekend wedding . I am not feeling my best weight wise so it’s not fun shopping when you feel that way . However , if they give me motivation to start my diet this last week and exercise something I have not been consistent work for sometime now .",2023-06-22 10:35:44,6,False,0.0,2.0
50,4998,"Buzzed , Excited , Anticipatory",2022-02-13 16:03:16,2,True,2.0,2.0
58,1943,"Happy , Satiated , Focused , Determined , Optimistic",2024-07-29 22:26:45,7,True,1.0,1.0
52,5139,"Surprised , Happy , Content , Special , Confused",2021-06-13 12:45:07,1,True,0.0,2.0
124,2652,I’m feeling ok . I am a little tired but I am happy that it is Friday . I am also happy because I get to see my best friend for dinner tonight . I’m excited to try some new food that I’ve been seeing on my social media .,2024-11-08 17:38:55,7,False,0.0,1.0
4,282,"Stressed , Overtired , Overworked , Impatient , Hungry",2021-06-14 14:01:15,1,True,2.0,0.0
90,622,"Cold , Tired , Restless , Anxious , Daunting",2024-10-23 12:00:50,7,True,-2.0,0.0
103,1516,"I have a period called common planning that ORG placed on us because of the superintendent . Ideally , you meet with teachers who teach the same subject and discuss what you’re teaching etc . I’m stuck with a bunch of annoying idiotic teachers who just complain and lie . I find it really annoying and a complete waste of time .",2024-10-15 12:00:51,7,False,-1.0,2.0
33,2091,"Tired , Anxious , Sad , Happy , Depressed",2021-05-26 12:14:03,1,True,-1.0,0.0
85,246,"Refreshed , Energetic , Content , Hopeful , Lively",2024-09-25 17:02:37,7,True,2.0,2.0
